Built,n,prop
3.4.0,57,0.3958333333333333
3.4.1,12,0.08333333333333333
3.4.2,18,0.125
3.4.3,57,0.3958333333333333
